<assembly xmlns="http://maven.apache.org/plugins/maven-assembly-plugin/assembly/1.1.2" xmlns:xsi="http://www.w3.org/2001/XMLSchema-instance" xsi:schemaLocation="http://maven.apache.org/plugins/maven-assembly-plugin/assembly/1.1.2 http://maven.apache.org/xsd/assembly-1.1.2.xsd">
	<id>jars</id>
	<formats>
		<format>zip</format>
	</formats>
	<fileSets>
		<fileSet>
			<outputDirectory>/</outputDirectory>
			<includes>
				<include>LICENSE</include>
				<include>NOTICE</include>
				<include>README.md</include>
				<include>CHANGELOG.md</include>
				<include>KEYS.md</include>
				<include>pom.xml</include>
			</includes>
		</fileSet>
		<fileSet>
			<directory>${project.basedir}/src</directory>
			<outputDirectory>/src</outputDirectory>
			<excludes>
				<exclude>**/*.idl</exclude>
			</excludes>
		</fileSet>
	</fileSets>
	<dependencySets>
		<dependencySet>
			<outputDirectory>/lib</outputDirectory>
			<useProjectArtifact>true</useProjectArtifact>
			<scope>runtime</scope>
		</dependencySet>
	</dependencySets>
</assembly>
